<?xml version="1.0" encoding="UTF-8"?>
<!DOCTYPE mapper
        PUBLIC "-//mybatis.org//DTD Mapper 3.0//EN"
        "http://mybatis.org/dtd/mybatis-3-mapper.dtd">
<mapper namespace="com.shopping.igeekshop.dao.CategoryDao">
<!--删除分类-->
    <delete id="deleteCategoryByCid">
        DELETE
        FROM category
        WHERE cid = #{cid};
    </delete>
<!--添加分类-->
    <insert id="addCategory">
        INSERT INTO category(cid, cname)
            VALUE (#{category.cid}, #{category.cname});
    </insert>

    <update id="upCategoryByCid">
        UPDATE category
        set cname=#{category.cname}
        WHERE cid=#{category.cid};
    </update>

    <select id="queryCategoryByCid" resultType="com.shopping.igeekshop.entity.Category">
        SELECT *
        FROM category
        WHERE cid=#{cid};
    </select>

    <select id="queryAllCategory" resultType="com.shopping.igeekshop.entity.Category">
        SELECT *
        FROM category
    </select>
</mapper>