<?xml version="1.0" encoding="UTF-8"?>
<!DOCTYPE mapper
        PUBLIC "-//mybatis.org//DTD Mapper 3.0//EN"
        "http://mybatis.org/dtd/mybatis-3-mapper.dtd">

<mapper namespace="com.shopping.igeekshop.dao.OrdersDao">
<!--    一对一 -->
    <resultMap id="orderInfoByOid" type="com.shopping.igeekshop.entity.Orderitem">
        <id column="item_id" property="itemId"></id>
        <result column="count" property="count"></result>
        <result column="subtotal" property="subtotal"></result>
        <result column="oid" property="oid"></result>
        <result column="uid" property="uid"></result>
        <association property="product" javaType="com.shopping.igeekshop.entity.Product">
            <id column="pid" property="pid"></id>
            <result column="market_price" property="marketPrice"></result>
            <result column="pname" property="pname"></result>
            <result column="shop_price" property="shopPrice"></result>
            <result column="pimage" property="pimage"></result>
            <result column="pdate" property="pdate"></result>
            <result column="is_hot" property="isHot"></result>
            <result column="pdesc" property="pdesc"></result>
            <result column="pflag" property="pflag"></result>
            <result column="cid" property="cid"></result>
        </association>
    </resultMap>
    <insert id="submitOrders" useGeneratedKeys="true" keyProperty="orders.oid">
        INSERT INTO orders(OID, ORDERTIME, TOTAL, STATE, ADDRESS, NAME, TELEPHONE, UID)
        VALUE (#{orders.oid},#{orders.ordertime},#{orders.total},#{orders.state},#{orders.address},#{orders.name},#{orders.telephone},#{orders.uid})
    </insert>

    <select id="queryAllOrders" resultType="com.shopping.igeekshop.entity.Orders">
        SELECT *
        FROM orders
        WHERE uid=#{uid};
    </select>

    <select id="queryOrders" resultType="com.shopping.igeekshop.entity.Orders">
        SELECT *
        FROM orders;
    </select>

    <select id="queryOrderByOid" resultMap="orderInfoByOid" parameterType="INTEGER">
        SELECT o.count,o.item_id,o.uid,o.oid,o.subtotal,p.* FROM orderitem o,product p where o.pid=p.pid and oid=#{oid};
    </select>
</mapper>