<?xml version="1.0" encoding="UTF-8"?>
<!DOCTYPE mapper
        PUBLIC "-//mybatis.org//DTD Mapper 3.0//EN"
        "http://mybatis.org/dtd/mybatis-3-mapper.dtd">
<mapper namespace="com.shopping.igeekshop.dao.OrderitemDao">
    <resultMap id="orderitemMap" type="com.shopping.igeekshop.entity.Orderitem">
        <id column="item_id" property="itemId"/>
        <result column="count" property="count"/>
        <result column="shop_desc" property="shopDesc"/>
        <result column="subtotal" property="subtotal"/>
        <result column="oid" property="oid"/>
        <result column="uid" property="uid"/>
        <association property="product" column="pid" javaType="com.shopping.igeekshop.entity.Product">
            <id column="pid" property="pid"/>
            <result column="pname" property="pname"/>
            <result column="market_price" property="marketPrice"/>
            <result column="shop_price" property="shopPrice"/>
            <result column="pimage" property="pimage"/>
            <result column="pdate" property="pdate"/>
            <result column="isHot" property="isHot"/>
            <result column="pdesc" property="pdesc"/>
            <result column="pflag" property="pflag"/>
            <result column="cid" property="cid"/>
        </association>
    </resultMap>

    <!--添加商品到购物车-->
    <insert id="addToOrderitem" useGeneratedKeys="true" keyProperty="orderitem.itemId">
        INSERT INTO orderitem(item_id, count, subtotal, pid, uid)
            VALUE (#{orderitem.itemId}, #{orderitem.count}, #{orderitem.subtotal}, #{orderitem.product.pid},
                   #{orderitem.uid});
    </insert>

    <!--修改购物车中商品的信息-->
    <update id="upOrderitem">
        UPDATE orderitem
        SET count=#{orderitem.count}
        WHERE item_id = #{orderitem.itemId};
    </update>

    <!--查询购物车中是否已经存在该商品-->
    <select id="queryOrderitemIdByPid" resultType="java.lang.Integer">
        SELECT item_id
        FROM orderitem
        WHERE uid = #{uid}
          AND pid = #{pid};
    </select>

    <!--获取购物车中所有的商品信息-->
    <select id="queryOrderitemByUid" resultMap="orderitemMap">
        SELECT *
        FROM orderitem,
             product
        WHERE uid = #{uid}
          AND orderitem.pid = product.pid AND oid is NULL;
    </select>
    <!--删除购物车中的商品根据商品ID-->
    <delete id="delectOrderitemByPid">
        DELETE
        FROM orderitem
        where uid = #{uid}
          AND pid = #{pid}
           AND oid is NULL;
    </delete>
    <!--清空购物车-->
    <delete id="delectOrderitemAll">
        DELETE
        FROM orderitem
        WHERE uid = #{uid}
        AND oid is NULL;
    </delete>

    <update id="setOrdersId">
        UPDATE orderitem
        SET oid=#{oid}
        WHERE uid=#{uid}
        AND oid is NULL;
    </update>
</mapper>