<?xml version="1.0" encoding="UTF-8"?>
<!DOCTYPE mapper
        PUBLIC "-//mybatis.org//DTD Mapper 3.0//EN"
        "http://mybatis.org/dtd/mybatis-3-mapper.dtd">
<mapper namespace="com.shopping.igeekshop.dao.ProductDao">
    <!--获取热门商品-->
    <select id="queryHotProduct" resultType="com.shopping.igeekshop.entity.Product">
        SELECT *
        FROM product
        WHERE is_hot = 1
        LIMIT 0,9;
    </select>
    <!--获取商品列表-->
    <select id="queryLatestProduct" resultType="com.shopping.igeekshop.entity.Product">
        SELECT *
        FROM product
        ORDER BY pdate
        LIMIT 0,9;
    </select>
    <!--获取某个类型的商品列表-->
    <select id="queryProductByCategory" resultType="com.shopping.igeekshop.entity.Product">
        SELECT *
        FROM product,
             category
        WHERE product.cid = category.cid
          and category.cname = #{categoryName}
        ORDER BY pdate
        LIMIT #{begin},12
    </select>
    <!--获取某个类别商品的数量-->
    <select id="queryProductCountByCategory" resultType="int">
        SELECT count(1)
        FROM product,
             category
        WHERE product.cid = category.cid
          and category.cname = #{categoryName}
    </select>
    <!--获取搜索名字商品的列表-->
    <select id="queryProductByPname" resultType="com.shopping.igeekshop.entity.Product">
        SELECT *
        FROM product
        WHERE pname REGEXP #{pname}
        ORDER BY pdate
        LIMIT #{begin},12
    </select>
    <!--获取搜索名字商品的数量-->
    <select id="queryProductCountByPname" resultType="int">
        SELECT COUNT(1)
        FROM product
        WHERE pname REGEXP #{pname}
    </select>
    <!--获取商品信息,根据商品ID-->
    <select id="queryProductInfoByPid" resultType="com.shopping.igeekshop.entity.Product">
        SELECT *
        FROM product
        WHERE pid = #{pid}
    </select>
    <!--获取商品信息,根据商品ID列表-->
    <select id="queryProductInfoByPids" resultType="com.shopping.igeekshop.entity.Product">
        SELECT *
        FROM product
        WHERE pid in
        <foreach item="pids" index="index" collection="pids"
                 open="(" separator="," close=")">
            #{pids}
        </foreach>
    </select>
    <!--获取所有商品信息-->
    <select id="queryAllProductInfo" resultType="com.shopping.igeekshop.entity.Product">
        select *
        FROM product;
    </select>
    <!--添加商品-->
    <insert id="addProduct" useGeneratedKeys="true" keyProperty="product.pid">
        INSERT INTO product(pid, pname, market_price, shop_price, pimage, pdate, is_hot, pdesc, pflag, cid)
            VALUE (#{product.pid}, #{product.pname}, #{product.marketPrice}, #{product.shopPrice}, #{product.pimage},
                   #{product.pdate},
                   #{product.isHot}, #{product.pdesc}, #{product.pflag}, #{product.cid});
    </insert>
    <!--添加商品-->
    <delete id="deleteProductByPid">
        DELETE
        FROM product
        WHERE pid = #{pid};
    </delete>
    <!--更新商品信息-->
    <update id="upProductInfo">
        UPDATE product
        <set>
            <if test="product.pname != null">pname=#{product.pname},</if>
            <if test="product.marketPrice != null">market_price=#{product.marketPrice},</if>
            <if test="product.shopPrice != null">shop_price=#{product.shopPrice},</if>
            <if test="product.pimage != null">pimage=#{product.pimage},</if>
            <if test="product.pdesc != null">pdesc=#{product.pdesc},</if>
            <if test="product.isHot != null">is_hot=#{product.isHot},</if>
            <if test="product.cid != null">cid=#{product.cid},</if>
        </set>
        WHERE pid = #{product.pid};
    </update>
</mapper>