<?xml version="1.0" encoding="UTF-8"?>
<!DOCTYPE mapper
        PUBLIC "-//mybatis.org//DTD Mapper 3.0//EN"
        "http://mybatis.org/dtd/mybatis-3-mapper.dtd">
<mapper namespace="com.shopping.igeekshop.dao.UserDao">
    <!--用户注册-->
    <insert id="userRegister" useGeneratedKeys="true" keyProperty="user.uid">
        INSERT INTO user(uid, username, password, name, email, birthday, sex,state,code)
            VALUE (#{user.uid}, #{user.username}, #{user.password}, #{user.name}, #{user.email}, #{user.birthday},
                   #{user.sex},#{user.state},#{user.code})
    </insert>
    <!--用户登录-->
    <select id="userLogin" resultType="com.shopping.igeekshop.dto.LoginInfo">
        SELECT uid, username, password
        FROM user
        WHERE username = #{loginInfo.username};
    </select>
    <!--用户注册-->
    <select id="adminLogin" resultType="com.shopping.igeekshop.dto.LoginInfo">
        SELECT uid, username, password
        FROM user
        WHERE username = #{loginInfo.username}
          AND password = #{loginInfo.password}
          AND vip = 1;
    </select>

<!--账户激活-->
    <update id="userActive">
        UPDATE user
        SET state=1
        where uid=#{uid} AND code=#{code};
    </update>


<!--    判断邮箱或者是否已经存在  -->
    <select id="existEmailOrName" resultType="INTEGER" parameterType="com.shopping.igeekshop.entity.User">
        select count(*) from user where 1=1
       <if test="email!=null">
        and email like #{email}
       </if>
        <if test="username!=null">
         and username like #{username};
        </if>
    </select>


<!--    获取用户信息-->
    <select id="userInfo" resultType="com.shopping.igeekshop.entity.User" parameterType="INTEGER">
        select * from user where uid=#{uid};
    </select>
</mapper>