<?xml version="1.0" encoding="UTF-8"?>
<beans xmlns="http://www.springframework.org/schema/beans"
       xmlns:xsi="http://www.w3.org/2001/XMLSchema-instance"
       xmlns:p="http://www.springframework.org/schema/p"
       xmlns:context="http://www.springframework.org/schema/context"
       xmlns:mvc="http://www.springframework.org/schema/mvc"
       xsi:schemaLocation="http://www.springframework.org/schema/beans
       http://www.springframework.org/schema/beans/spring-beans.xsd
       http://www.springframework.org/schema/context
       http://www.springframework.org/schema/context/spring-context.xsd http://www.springframework.org/schema/mvc http://www.springframework.org/schema/mvc/spring-mvc.xsd">

    <!--开始SpringMVC注解模式-->
    <mvc:annotation-driven />


    <!--静态资源默认servlet配置
        (1)加入对静态资源的处理:js,gif,png
        (2)允许用"/"做整体映射
    -->
    <mvc:default-servlet-handler></mvc:default-servlet-handler>

    <mvc:resources mapping="js/**" location="/resources/js/"/>
    <mvc:resources mapping="css/**" location="/resources/css/"/>
    <mvc:resources mapping="fonts/**" location="/resources/fonts/"/>
    <mvc:resources mapping="img/**" location="/resources/img/"/>
    <mvc:resources mapping="image/**" location="/resources/image/"/>
    <mvc:resources mapping="images/**" location="/resources/images/"/>
    <mvc:resources mapping="products/**" location="/resources/products/"/>
    <mvc:resources mapping="bank_img/**" location="/resources/bank_img/"/>
    <mvc:resources mapping="/staticPage/**" location="/WEB-INF/jsp/"/>
    <!-- 配置视图解析器,将ModelAndView及字符串解析为具体的页面 -->
    <bean
            class="org.springframework.web.servlet.view.InternalResourceViewResolver"
            p:viewClass="org.springframework.web.servlet.view.JstlView"
            p:prefix="/WEB-INF/jsp/"
            p:suffix=".jsp"/>

    <!--扫描Web相关的bean-->
    <context:component-scan base-package="com.shopping.igeekshop.web" />


    <!--&lt;!&ndash; 包含shiro的配置文件 &ndash;&gt;-->
    <!--<import resource="classpath:shiro/applicationContext-shiro.xml"/>-->
    <!--&lt;!&ndash;启用S​​hiro注解&ndash;&gt;-->
    <!--<bean class="org.springframework.aop.framework.autoproxy.DefaultAdvisorAutoProxyCreator" depends-on="lifecycleBeanPostProcessor"/>-->
    <!--<bean class="org.apache.shiro.spring.security.interceptor.AuthorizationAttributeSourceAdvisor">-->
    <!--<property name="securityManager" ref="securityManager"/>-->
    <!--</bean>-->
<!--    配置拦截器  -->
    <mvc:interceptors>
        <mvc:interceptor>
            <mvc:mapping path="/*" />
            <mvc:mapping path="/*/*" />
            <bean class="com.shopping.igeekshop.web.interceptors.webInterceptor"></bean>
        </mvc:interceptor>
    </mvc:interceptors>

</beans>
